Global Company Key,company name ,sector ,datayearfiscal,fiscalyearendmonth,Financial capital ,financial capital contains,financial input,financial output,financial numerical numbers,financial time series,financial consistent ,Business model financial,Manufacturing Capital,Manufacturing capital contains,Manufacturing input,Manufacturing output,Manufacturing numerical numbers,Manufacturing time series,Manufacturing consistent,Business model Manufacturing,Intellectual Capital,Intellectual capital contains,Intellectual input,Intellectual output,Intellectual numerical numbers,Intellectual time series,Intellectual consistent ,Business model Intellectual,human capital,human capital contains,human input,human output,human numerical numbers,human time series,human consistent ,Business model human,social and relationship,social and relationship capital contains,social and relationship input,social and relationship output,social and relationship numerical numbers,social and relationship time series,social and relationship consistent ,Business model social and relationship,natural capital,natural capital contains,natural input,natural output,natural numerical numbers,natural time series,natural consistent ,Business model natural,irscoretotal,
146202,Exxaro Resources Ltd,Energy,2015,12,,1,1,1,1,1,0,1,,1,1,1,1,1,0,1,,1,1,1,0,0,0,1,,1,1,1,1,0,0,1,,1,1,1,1,0,0,1,,1,1,1,1,0,0,1,31,
209995,SacOil Holdings Ltd,Energy,2015,2,,1,1,0,1,1,1,1,,1,1,0,1,1,1,1,,1,1,0,0,0,1,1,,1,1,0,1,0,1,1,,1,1,0,0,0,1,1,,1,1,0,0,0,1,1,29,
211666,Sentula Mining Ltd,Energy,2015,3,,1,0,0,1,1,1,0,,1,0,0,1,1,1,0,,1,0,0,0,0,1,0,,1,0,0,1,1,1,0,,1,0,0,1,0,1,0,,1,0,0,1,1,1,0,21,"I use 2015 report, but this company adjust their financial year in 2016, i.e 3/2014-3/2015; 4/2015-6/2016"
212633,Buildmax Ltd,Energy,2015,2,,1,0,0,1,1,1,0,,1,0,0,1,1,1,0,,0,0,0,0,0,0,0,,1,0,0,1,0,1,0,,1,0,0,0,0,1,0,,1,0,0,0,0,1,0,15,
16610,Anglo American Platinum Ltd,Materials,2015,12,,1,1,1,1,1,1,1,,1,1,1,1,1,1,1,,0,0,0,0,0,0,0,,1,1,1,1,0,1,1,,1,0,1,1,0,0,1,,1,1,1,1,1,1,1,31,
17287,Sibanye Gold Ltd,Materials,2015,12,,1,1,1,1,1,0,0,,1,1,1,1,1,0,0,,1,0,0,1,0,0,0,,1,1,1,1,1,0,1,,1,0,1,1,1,0,1,,1,1,0,1,1,0,1,28,
17315,African Rainbow Minerals Ltd,Materials,2015,6,,1,1,1,1,1,1,1,,1,1,0,1,1,0,1,,1,1,1,0,0,1,1,,1,1,1,1,1,1,1,,1,1,1,1,1,1,1,,1,1,1,1,1,1,1,38,
17947,Gold Fields Ltd,Materials,2015,12,,1,0,0,1,1,1,0,,1,0,0,1,1,1,0,,0,0,0,0,0,0,0,,1,0,0,1,0,1,0,,1,0,0,1,0,1,0,,1,0,0,1,1,1,0,18,
19824,AngloGold Ashanti Ltd,Materials,2015,12,,1,1,1,1,1,1,1,,1,1,1,1,1,1,1,,1,1,0,0,0,0,1,,1,1,1,1,1,1,1,,1,0,1,1,1,1,1,,1,1,0,1,1,1,1,36,
60918,ArcelorMittal South Africa Ltd,Materials,2015,12,,1,1,1,1,1,1,1,,1,0,1,1,1,1,1,,1,1,1,1,0,1,1,,1,1,1,1,1,1,1,,1,0,1,1,1,1,1,,1,1,1,1,1,1,1,39,
62997,Nampak Ltd,Materials,2015,9,,1,1,1,1,1,0,1,,1,1,1,1,0,0,1,,1,1,1,1,0,0,1,,1,1,1,1,0,0,1,,1,1,1,1,0,0,1,,1,1,1,1,0,0,1,31,
100465,Sasol Ltd,Materials,2015,6,,1,1,1,1,1,1,1,,1,1,1,1,1,1,1,,1,1,1,1,1,1,1,,1,1,1,1,1,1,1,,1,1,1,1,1,1,1,,1,1,1,1,1,1,1,42,
100767,AECI Ltd,Materials,2015,12,,1,0,0,1,1,0,0,,1,0,0,1,1,0,0,,1,0,0,0,0,0,0,,1,0,0,1,0,1,0,,1,0,0,1,0,0,0,,1,0,0,1,0,0,0,14,
102035,PPC Ltd,Materials,2015,9,,1,1,1,1,1,1,1,,1,1,1,1,1,1,1,,1,1,1,0,0,1,1,,1,1,1,1,0,1,1,,1,1,1,1,0,1,1,,1,1,1,1,1,1,1,38,
102039,Impala Platinum Holdings Ltd,Materials,2015,6,,1,1,1,1,1,0,1,,1,1,1,1,1,0,1,,1,1,1,0,0,0,1,,1,1,1,1,1,0,1,,1,1,1,1,1,0,1,,1,1,1,1,1,0,1,34,
102265,African Oxygen Ltd.,Materials,2015,12,,1,1,0,1,1,1,1,,1,1,0,1,1,1,1,,1,1,0,0,0,1,1,,1,1,0,1,1,1,1,,1,1,0,0,0,1,1,,1,1,0,1,1,1,1,32,
102341,Harmony Gold Mining Co Ltd,Materials,2015,6,,1,0,0,1,1,1,0,,1,0,0,1,1,1,0,,0,0,0,0,0,0,0,,1,0,0,1,1,1,0,,1,0,0,1,1,1,0,,1,0,0,1,1,1,0,20,
200148,Petmin Ltd,Materials,2015,6,,1,0,0,1,1,1,0,,1,0,0,1,1,1,0,,1,0,0,0,0,0,0,,1,0,0,1,0,1,0,,1,0,0,1,0,1,0,,1,0,0,1,0,0,0,17,
200316,Spanjaard Ltd,Materials,2015,2,,1,0,0,1,1,1,0,,1,0,0,1,1,1,0,,1,0,0,1,1,0,0,,1,0,0,0,0,1,0,,1,0,0,0,0,1,0,,1,0,0,0,0,1,0,17,
200333,Merafe Resources Ltd,Materials,2015,12,,1,0,0,1,1,1,0,,1,0,0,1,1,1,0,,0,0,0,0,0,0,0,,1,0,0,1,1,1,0,,1,0,0,1,0,1,0,,1,0,0,1,1,1,0,19,
201706,DRDGold Ltd,Materials,2015,6,,1,1,0,1,1,1,1,,1,1,0,1,0,1,1,,0,0,0,0,0,0,0,,1,1,0,1,0,1,1,,1,1,0,1,0,1,1,,1,1,0,1,1,1,1,27,
204211,Northam Platinum (PTY) Ltd,Materials,2015,6,,1,1,1,1,0,0,1,,1,1,1,1,0,0,1,,0,0,0,0,0,0,0,,1,1,1,1,0,0,1,,1,1,1,1,0,0,1,,1,1,1,1,0,0,1,25,
209952,Assore Ltd,Materials,2015,6,,1,0,1,1,1,1,0,,1,0,0,1,1,1,0,,1,1,0,0,0,1,1,,1,0,0,1,1,1,0,,1,1,1,1,1,1,1,,1,0,1,1,1,1,0,29,
211046,Bowler Metcalf,Materials,2015,6,,1,0,0,1,1,1,0,,1,0,0,1,1,1,0,,0,0,0,0,0,0,0,,1,0,0,1,0,1,0,,1,0,0,1,0,1,0,,0,0,0,0,0,0,0,14,
211188,Transpaco Ltd,Materials,2015,6,,1,0,0,1,1,1,0,,1,0,0,1,1,1,0,,1,0,0,0,0,0,0,,1,0,0,1,1,1,0,,1,0,0,0,0,1,0,,1,0,0,1,0,0,0,17,
211617,York Timber Holdings Ltd,Materials,2015,6,,1,0,0,1,1,0,1,,1,0,0,1,0,0,1,,1,0,0,1,0,0,1,,1,0,0,1,1,0,1,,1,0,0,1,0,0,1,,1,0,0,0,0,0,1,19,
212424,Bauba Platinum Ltd,Materials,2015,6,,1,0,0,1,1,1,0,,1,0,0,1,1,1,0,,0,0,0,0,0,0,0,,1,0,0,0,0,1,0,,1,0,0,0,0,1,0,,1,0,0,0,0,1,0,14,
222143,Trans Hex Group Ltd,Materials,2015,3,,1,0,0,1,1,1,0,,1,0,0,1,1,1,0,,1,0,0,1,1,1,0,,1,0,0,0,0,1,0,,1,0,0,1,0,1,0,,1,0,0,0,0,1,0,19,
240403,Winhold Ltd,Materials,2015,9,,1,0,0,1,1,1,0,,1,0,0,1,1,1,0,,0,0,0,0,0,0,0,,1,0,0,1,1,1,0,,1,0,0,0,0,1,0,,1,0,0,1,0,1,0,17,
274950,Wesizwe Platinum Ltd,Materials,2015,12,,1,0,0,1,1,1,0,,1,0,0,1,1,1,0,,1,0,0,0,0,0,0,,1,0,0,1,0,1,0,,1,0,0,1,0,1,0,,1,0,0,1,0,1,0,18,
281454,Afrimat Ltd,Materials,2015,2,,1,0,0,1,1,1,0,,1,0,0,1,1,1,0,,0,0,0,0,0,0,0,,1,0,0,1,1,1,0,,1,0,0,0,0,1,0,,1,0,0,0,0,1,0,16,
281544,Kumba Iron Ore Ltd,Materials,2015,12,,1,1,1,1,1,0,1,,1,1,1,1,1,0,1,,1,1,1,1,0,0,1,,1,1,1,1,1,0,1,,1,1,1,1,1,0,1,,1,1,1,1,0,1,1,35,
281651,Accentuate Ltd,Materials,2015,6,,1,0,0,1,1,1,0,,1,0,0,1,1,1,0,,1,0,0,1,1,1,0,,1,0,0,0,0,1,0,,1,0,0,0,0,1,0,,1,0,0,0,0,1,0,18,
284735,Rolfes Holdings Ltd,Materials,2015,6,,1,0,0,1,1,1,0,,1,0,0,1,1,1,0,,1,0,0,1,1,1,0,,1,0,0,0,0,1,0,,1,0,0,0,0,1,0,,1,0,0,0,0,1,0,18,
285081,Hulamin Ltd,Materials,2015,12,,1,0,0,1,1,1,1,,1,0,0,1,1,1,1,,1,0,0,1,1,1,1,,1,0,0,1,0,1,1,,1,0,0,1,0,1,1,,1,0,0,1,1,1,1,28,
285170,Mondi PLC/Ltd (ZAF),Materials,2015,12,,1,0,0,1,1,1,0,,1,0,0,1,1,1,0,,1,0,0,1,1,1,0,,1,0,0,1,1,0,0,,1,0,0,1,1,1,0,,1,0,0,1,1,1,0,23,
288811,Extract Group Ltd,Materials,2015,6,,1,0,0,1,1,1,0,,1,0,0,1,1,1,0,,1,0,0,1,1,1,0,,1,0,0,1,1,0,0,,1,0,0,1,1,1,0,,1,0,0,1,1,0,0,22,
292639,Sephaku Holdings Ltd,Materials,2015,3,,1,0,0,1,1,1,0,,1,0,0,1,1,1,0,,0,0,0,0,0,0,0,,1,0,0,1,0,0,0,,1,0,0,1,0,1,0,,1,0,0,0,0,0,0,14,
295796,Royal Bafokeng Platinum Ltd,Materials,2015,12,,1,1,1,1,1,1,1,,1,1,1,1,1,1,1,,1,1,1,0,0,1,1,,1,1,1,1,1,1,1,,1,1,1,1,1,1,1,,1,1,1,1,1,1,1,40,
298289,Mpact Ltd,Materials,2015,12,,1,1,1,1,1,1,1,,1,1,1,1,1,1,1,,1,1,1,0,0,1,1,,1,1,1,1,0,1,1,,1,1,1,0,0,1,1,,1,1,1,1,0,1,1,36,
314534,Master Drilling Group Limited,Materials,2015,12,,1,0,0,1,1,1,0,,1,0,0,1,1,1,0,,1,0,0,1,0,0,0,,1,0,0,1,0,0,0,,1,0,0,0,0,0,0,,0,0,0,0,0,0,0,13,
318745,Oakbay Resources and Energy Ltd,Materials,2015,2,,1,0,0,1,1,0,0,,1,0,0,1,1,0,0,,0,0,0,0,0,0,0,,1,0,0,1,0,0,0,,1,0,0,1,0,0,0,,1,0,0,1,1,0,0,13,
100166,Barloworld Ltd,Industrials,2015,9,,1,1,1,1,1,1,1,,1,1,1,1,1,1,1,,1,1,0,0,0,1,1,,1,1,1,1,1,1,1,,1,1,0,1,0,1,1,,1,1,1,1,1,1,1,37,
102053,Trencor Ltd,Industrials,2015,12,,1,0,0,1,1,1,0,,1,0,0,1,1,1,0,,0,0,0,0,0,0,0,,1,0,0,0,0,1,0,,1,0,0,0,0,1,0,,1,0,0,0,0,1,0,14,
102162,Reunert Ltd,Industrials,2015,9,,1,0,0,1,1,1,0,,1,0,0,1,1,1,0,,1,0,0,1,1,1,0,,1,0,0,1,1,0,0,,1,0,0,1,1,0,0,,1,0,0,1,1,0,0,21,
102236,Murray & Roberts Holdings Ltd,Industrials,2015,6,,1,1,1,1,1,1,1,,1,1,1,1,1,1,1,,1,1,1,0,0,1,1,,1,1,1,0,0,1,1,,1,1,1,1,0,1,1,,1,1,1,0,0,1,1,35,
102445,Cargo Carriers Ltd,Industrials,2015,2,,1,1,1,1,1,1,1,,1,1,1,1,1,1,1,,1,1,1,0,0,0,1,,1,1,1,1,0,1,1,,1,1,1,0,0,1,1,,1,1,1,1,1,0,1,35,
102494,Hudaco Industries Ltd,Industrials,2015,11,,1,0,0,1,1,1,0,,1,0,0,1,1,1,0,,1,0,0,0,0,1,0,,1,0,0,1,0,1,0,,1,0,0,0,0,1,0,,1,0,0,1,1,1,0,19,
102544,Allied Electronics Corp Ltd,Industrials,2015,2,,1,1,1,1,1,1,1,,1,1,1,1,1,1,1,,1,1,1,0,0,1,1,,1,1,1,1,1,1,1,,1,1,1,0,0,1,1,,1,1,1,1,1,1,1,38,
103087,Delta EMD Ltd,Industrials,2015,12,,1,0,0,1,1,1,0,,1,0,0,1,1,1,0,,0,0,0,0,0,0,0,,1,0,0,0,0,1,0,,1,0,0,0,0,1,0,,0,0,0,0,0,0,0,12,
104935,ELB Group Ltd,Industrials,2015,6,,,,,,,,,,,,,,,,,,,,,,,,,,,,,,,,,,,,,,,,,,,,,,,,,0,"cannot find report, website 404"
209949,Adcorp Holdings,Industrials,2015,2,,,,,,,,,,,,,,,,,,,,,,,,,,,,,,,,,,,,,,,,,,,,,,,,,0,
209955,Bidvest Group Ltd,Industrials,2015,6,,1,1,1,1,1,0,1,,1,1,1,1,1,0,1,,1,1,1,1,1,0,1,,1,1,1,1,1,0,1,,1,1,1,1,0,0,1,,1,1,1,1,1,0,1,35,
209980,Grindrod Ltd,Industrials,2015,12,,1,1,1,1,1,1,1,,1,1,1,1,1,1,1,,1,1,1,1,1,1,1,,1,1,1,1,1,1,1,,1,1,1,1,0,1,1,,1,1,1,1,1,1,1,41,
209987,Invicta Holdings Ltd,Industrials,2015,3,,1,0,0,1,1,1,0,,1,0,0,1,1,1,0,,1,0,0,1,1,1,0,,1,0,0,1,0,1,0,,1,0,0,1,0,1,0,,0,0,0,0,0,0,0,18,
210044,Basil Read Holdings Ltd,Industrials,2015,12,,1,1,1,1,1,1,1,,1,1,1,1,1,1,1,,1,1,1,0,0,1,1,,1,1,1,1,0,1,1,,1,1,1,1,0,1,1,,1,1,1,1,1,1,1,38,
210073,Group Five Ltd,Industrials,2015,6,,1,0,0,1,1,1,0,,1,0,0,1,1,1,0,,0,0,0,0,0,0,0,,1,0,0,1,1,0,0,,1,0,0,0,0,0,0,,1,0,0,1,1,0,0,15,
210081,Jasco Electronics Holdings,Industrials,2015,6,,1,0,0,1,1,1,0,,1,0,0,1,1,1,0,,0,0,0,0,0,0,0,,1,0,0,1,1,1,0,,1,0,0,0,0,1,0,,1,0,0,0,0,0,0,15,
211111,KAP Industrial Holdings Ltd,Industrials,2015,6,,1,0,0,1,1,1,0,,1,0,0,1,1,1,0,,1,0,0,1,1,1,0,,1,0,0,1,0,1,0,,1,0,0,0,0,1,0,,1,0,0,1,0,1,0,20,
211161,Argent Industrial Ltd,Industrials,2015,3,,1,0,0,1,1,1,0,,1,0,0,1,1,1,0,,1,0,0,1,1,1,0,,1,0,0,0,0,1,0,,1,0,0,0,0,1,0,,1,0,0,0,0,1,0,18,
211592,Bell Equipment Ltd,Industrials,2015,12,,1,0,0,1,1,1,0,,1,0,0,1,1,1,0,,1,0,0,0,0,0,0,,1,0,0,1,0,1,0,,1,0,0,0,0,1,0,,1,0,0,0,0,1,0,16,
211607,Wilson Bayly Holmes - Ovcon Ltd,Industrials,2015,6,,1,1,0,1,1,1,1,,1,1,0,1,1,0,1,,1,1,0,0,0,0,1,,1,1,0,1,1,1,1,,1,1,0,1,1,1,1,,1,1,0,1,1,0,1,31,
212425,Howden Africa Holdings Ltd,Industrials,2015,12,,,,,,,,,,,,,,,,,,,,,,,,,,,,,,,,,,,,,,,,,,,,,,,,,0,cannot find report
229436,Aveng Ltd,Industrials,2015,6,,1,1,0,1,1,1,1,,1,1,0,1,1,1,1,,1,1,0,0,0,1,1,,1,1,0,0,0,1,1,,1,1,0,1,0,1,1,,1,1,0,0,0,1,1,29,
237401,Comair Ltd,Industrials,2015,6,,1,0,0,1,1,1,0,,1,0,0,1,1,1,0,,1,0,0,1,1,1,0,,1,0,0,1,0,1,0,,1,0,0,1,0,1,0,,1,0,0,1,1,1,0,22,
240240,PSV Holdings Ltd,Industrials,2015,2,,1,0,0,1,1,1,0,,1,0,0,1,1,1,0,,1,0,0,1,1,1,0,,1,0,0,0,0,1,0,,1,0,0,0,0,1,0,,1,0,0,0,0,1,0,18,
240327,Santova Ltd,Industrials,2015,2,,1,1,0,1,1,1,1,,1,1,0,1,1,1,1,,1,1,0,1,1,1,1,,1,1,0,0,0,1,1,,1,1,0,0,0,0,1,,1,0,0,0,0,1,0,27,
275786,Esor Ltd,Industrials,2015,2,,1,1,1,1,1,0,1,,1,1,1,1,1,0,1,,1,1,1,0,0,0,1,,1,1,1,1,1,0,1,,1,1,1,1,0,0,1,,1,1,1,1,1,0,1,33,
281593,Workforce Ltd,Industrials,2015,12,,1,1,0,1,1,1,1,,1,0,0,1,1,1,0,,1,0,0,1,1,1,0,,1,1,0,1,0,1,1,,1,1,0,0,0,1,0,,1,0,0,0,0,0,0,23,
281733,CSG Holdings Ltd,Industrials,2015,3,,1,1,0,1,1,1,1,,1,1,0,1,1,1,1,,1,1,0,0,0,1,1,,1,1,0,0,0,1,1,,1,1,0,0,0,1,1,,1,0,0,0,0,0,0,25,
282456,enX Group Ltd,Industrials,2015,8,,1,0,0,1,1,1,0,,1,0,0,1,1,1,0,,0,0,0,0,0,0,0,,1,0,0,1,1,1,0,,1,0,0,0,0,0,0,,1,0,0,0,0,1,0,15,
282897,South Ocean Holdings Ltd,Industrials,2015,12,,1,0,0,1,1,1,0,,1,0,0,1,1,1,0,,1,0,0,1,1,1,0,,1,0,0,1,0,1,0,,1,0,0,0,0,1,0,,1,0,0,1,0,1,0,20,
283460,Raubex Group Ltd,Industrials,2015,2,,1,0,0,1,1,1,0,,1,0,0,1,1,1,0,,0,0,0,0,0,0,0,,1,0,0,1,1,1,0,,1,0,0,1,1,1,0,,1,0,0,1,1,1,0,20,
285017,Interwaste Holdings Ltd,Industrials,2015,12,,1,0,0,1,1,1,0,,1,0,0,1,1,1,0,,0,0,0,0,0,0,0,,1,0,0,1,0,1,0,,1,0,0,0,0,1,0,,1,0,0,1,0,1,0,16,
285645,Stefanutti Stocks Hldgs Ltd,Industrials,2015,2,,1,0,0,1,1,1,0,,1,0,0,1,1,1,0,,1,0,0,0,0,0,0,,1,0,0,1,0,0,0,,1,0,0,0,0,0,0,,1,0,0,0,0,1,0,14,
287290,KayDav Group Ltd,Industrials,2015,12,,1,0,0,1,1,1,0,,1,0,0,1,1,1,0,,0,0,0,0,0,0,0,,1,0,0,0,0,1,0,,1,0,0,0,0,1,0,,1,0,0,1,0,1,0,15,
287377,Arb Holdings Ltd,Industrials,2015,6,,1,0,0,1,1,1,0,,1,0,0,1,1,1,0,,1,0,0,1,1,1,0,,1,0,0,1,0,1,0,,1,0,0,1,0,1,0,,1,0,0,0,0,1,0,20,
287409,Mazor Group Ltd,Industrials,2015,2,,1,0,0,1,1,1,0,,1,0,0,1,1,1,0,,1,0,0,1,1,1,0,,1,0,0,0,0,1,0,,1,0,0,1,1,1,0,,1,0,0,0,0,1,0,20,
287424,Consolidated Infrastructure Group Ltd,Industrials,2015,8,,1,0,0,1,1,1,0,,1,0,0,1,1,1,0,,1,0,0,1,1,1,0,,1,0,0,1,0,0,0,,1,0,0,0,0,0,0,,1,0,0,0,0,0,0,16,
288519,Insimbi Refractory & Alloy Supplies Ltd,Industrials,2015,2,,1,0,0,1,1,1,1,,1,0,0,1,1,1,1,,1,0,0,0,0,1,1,,1,0,0,0,0,1,1,,1,0,0,1,0,1,1,,1,0,0,0,0,1,1,23,
289223,Alaris Holdings Ltd,Industrials,2015,6,,1,0,0,1,1,1,0,,1,0,0,1,1,1,0,,1,0,0,1,1,1,0,,1,0,0,1,1,1,0,,1,0,0,0,0,1,0,,0,0,0,0,0,0,0,18,
319477,Novus Holdings Ltd,Industrials,2015,3,,1,1,1,1,1,1,1,,1,1,0,1,1,1,1,,1,1,0,1,1,1,1,,1,1,1,1,0,1,1,,1,1,1,0,0,1,1,,1,1,0,1,0,1,1,35,
102016,Sun International Ltd,Consumer Discretionary,2015,6,,1,1,1,1,1,1,1,,1,1,1,1,1,1,1,,1,1,1,1,0,1,1,,1,1,1,1,1,1,1,,1,1,1,1,0,1,1,,1,1,1,1,0,1,1,39," consist in model, but inconsist in following disclosure, financial capital, intellectual capital ,etc. "
102497,Foschini Group Ltd,Consumer Discretionary,2015,3,,1,1,1,1,1,1,1,,1,1,1,1,1,1,1,,1,1,0,0,0,1,1,,1,1,1,1,1,1,1,,1,1,1,1,0,1,1,,1,1,1,1,1,1,1,38,
102502,Metair Investment Ltd,Consumer Discretionary,2015,12,,1,1,1,1,1,1,1,,1,1,1,1,1,1,1,,1,1,1,1,1,1,1,,1,1,1,1,0,1,1,,1,1,1,1,0,1,1,,1,1,1,1,1,1,1,40,
102572,E Media Holdings Ltd,Consumer Discretionary,2015,3,,1,0,0,1,1,1,0,,1,0,0,1,1,1,0,,0,0,0,0,0,0,0,,1,0,0,0,0,1,0,,1,0,0,1,0,1,0,,1,0,0,1,1,1,0,17,
200613,Steers Holdings Ltd,Consumer Discretionary,2015,2,,1,0,0,1,1,1,0,,1,0,0,1,1,1,0,,0,0,0,0,0,0,0,,1,0,0,1,1,1,0,,1,0,0,1,1,1,0,,1,0,0,1,1,1,0,20,
207089,Rex Trueform Clothing Co Ltd,Consumer Discretionary,2015,6,,,,,,,,,,,,,,,,,,,,,,,,,,,,,,,,,,,,,,,,,,,,,,,,,0,cannot find report 2014
209961,African Media Entertainment Ltd,Consumer Discretionary,2015,3,,1,0,0,1,1,1,0,,1,0,0,1,1,1,0,,1,0,0,0,0,1,0,,1,0,0,0,0,1,0,,0,0,0,0,0,0,0,,0,0,0,0,0,0,0,12,
209972,Cullinan Holdings Ltd,Consumer Discretionary,2015,9,,1,0,0,1,1,1,0,,1,0,0,1,1,1,0,,1,0,0,1,1,1,0,,0,0,0,0,0,0,0,,1,0,0,0,0,1,0,,0,0,0,0,0,0,0,14,
210051,City Lodge Hotels Ltd,Consumer Discretionary,2015,6,,1,1,1,1,1,1,1,,1,1,1,1,1,1,1,,1,1,1,1,1,1,1,,1,1,1,1,1,1,1,,1,1,1,0,0,1,1,,1,1,1,1,1,1,1,40,
210092,Nu-World Holdings,Consumer Discretionary,2015,8,,1,0,0,1,1,1,0,,1,0,0,1,1,1,0,,0,0,0,0,0,0,0,,1,0,0,0,0,1,0,,1,0,0,0,0,1,0,,1,0,0,0,0,1,0,14,
211053,Cashbuild Ltd,Consumer Discretionary,2015,6,,1,1,1,1,1,0,1,,1,0,0,1,1,0,0,,1,1,1,1,1,0,1,,1,1,1,1,1,0,1,,1,1,1,1,1,0,1,,1,1,1,1,0,0,1,32,
211059,Combined Motor Holdings Ltd,Consumer Discretionary,2015,2,,1,0,0,1,1,1,0,,1,0,0,1,1,1,0,,1,0,0,0,0,1,0,,1,0,0,1,1,1,0,,1,0,0,1,1,1,0,,1,0,0,1,0,1,0,21,
211104,Italtile Ltd,Consumer Discretionary,2015,6,,1,0,0,1,1,1,0,,1,0,0,1,1,1,0,,0,0,0,0,0,0,0,,1,0,0,1,0,1,0,,1,0,0,0,0,1,0,,1,0,0,1,0,1,0,16,
211126,Tsogo Sun Holdings Ltd,Consumer Discretionary,2015,3,,1,1,1,1,1,1,1,,1,1,1,1,1,1,1,,1,1,1,1,0,1,1,,1,1,1,0,0,1,1,,1,1,1,1,1,1,1,,1,1,1,1,1,1,1,39,
211175,Mr. Price Group Ltd,Consumer Discretionary,2015,3,,1,1,1,1,1,1,0,,1,1,1,1,1,1,0,,1,1,1,1,1,1,0,,1,1,1,1,1,1,0,,1,1,1,1,0,1,0,,1,1,1,1,1,1,0,35,
211603,Imperial Holdings Ltd (Ipl),Consumer Discretionary,2015,6,,1,0,0,1,1,1,0,,1,0,0,1,1,1,0,,0,0,0,0,0,0,0,,1,0,0,1,1,0,0,,1,0,0,1,0,0,0,,1,0,0,1,1,0,0,16,
212241,Super Group Ltd,Consumer Discretionary,2015,6,,1,0,0,1,1,1,0,,1,0,0,1,1,1,0,,1,0,0,1,1,0,0,,1,0,0,0,0,1,0,,1,0,0,1,0,1,0,,1,0,0,1,0,1,0,19,
218003,"Woolworths Holdings Ltd, South Africa",Consumer Discretionary,2015,6,,1,0,0,1,1,1,0,,1,0,0,1,1,1,0,,1,0,0,0,0,0,0,,1,0,0,0,0,0,0,,1,0,0,1,0,0,0,,1,0,0,1,0,0,0,14,
223145,Caxton And Ctp Publishers And Printers Ltd,Consumer Discretionary,2015,6,,1,0,0,1,1,1,0,,1,0,0,1,1,1,0,,0,0,0,0,0,0,0,,1,0,0,1,1,1,0,,1,0,0,1,0,1,0,,1,0,0,1,1,1,0,19,
226899,Truworths International Ltd,Consumer Discretionary,2015,6,,1,0,0,1,1,0,1,,1,0,0,1,1,0,1,,1,1,1,1,1,0,1,,1,1,1,1,1,0,1,,1,0,0,0,0,0,1,,1,1,1,1,1,0,1,28,
240204,Advtech Ltd,Consumer Discretionary,2015,12,,1,0,0,1,1,1,0,,1,0,0,1,1,1,0,,1,0,0,1,1,1,0,,1,0,0,0,0,0,0,,1,0,0,0,0,0,0,,0,0,0,0,0,0,0,14,
240272,Verimark Holdings,Consumer Discretionary,2015,2,,1,0,0,1,1,1,0,,1,0,0,1,1,1,0,,1,0,0,1,1,1,0,,1,0,0,0,0,1,0,,1,0,0,1,0,1,0,,1,0,0,1,0,1,0,20,
240372,Spur Corp Ltd,Consumer Discretionary,2015,6,,1,0,0,1,1,1,1,,1,0,0,1,1,1,1,,1,0,0,1,1,1,1,,1,0,0,1,1,0,1,,1,0,0,1,1,0,1,,1,0,0,1,1,0,1,27,
255227,Phumelela Gaming & Leisure Ltd,Consumer Discretionary,2015,7,,1,0,0,1,1,1,0,,1,0,0,1,1,1,0,,1,0,0,1,1,1,0,,1,0,0,0,0,0,0,,1,0,0,0,0,0,0,,1,0,0,0,0,0,0,15,
271141,Lewis Group Ltd,Consumer Discretionary,2015,3,,1,0,0,1,1,1,0,,1,0,0,1,1,1,0,,1,0,0,0,0,1,0,,1,0,0,1,1,1,0,,1,0,0,1,1,1,0,,1,0,0,1,1,1,0,22,
288986,Grand Parade Investments Ltd,Consumer Discretionary,2015,6,,1,0,0,1,1,1,0,,1,0,0,1,1,1,0,,1,0,0,1,1,0,0,,1,0,0,0,0,0,0,,1,0,0,0,0,0,0,,0,0,0,0,0,0,0,13,
294999,Taste Holdings Ltd,Consumer Discretionary,2015,2,,1,0,0,1,1,1,0,,1,0,0,1,1,1,0,,1,0,0,1,1,1,0,,1,0,0,1,1,1,0,,1,0,0,1,0,1,0,,1,0,0,0,0,1,0,21,
297991,Curro Holdings,Consumer Discretionary,2015,12,,1,1,1,1,1,0,1,,1,1,1,1,1,0,1,,1,1,1,1,1,0,1,,1,1,1,1,1,0,1,,1,1,1,1,0,0,1,,1,1,1,0,0,0,1,33,
298363,Holdsport Ltd,Consumer Discretionary,2015,2,,1,0,0,1,1,1,0,,1,0,0,1,1,1,0,,1,0,0,0,0,1,0,,1,0,0,1,1,1,0,,1,0,0,0,0,1,0,,0,0,0,0,0,0,0,16,
100434,AVI Ltd,Consumer Staples,2015,6,,1,0,0,1,1,1,0,,1,0,0,1,1,1,0,,1,0,0,1,1,1,0,,1,0,0,1,0,1,0,,1,0,0,1,0,1,0,,1,0,0,1,1,1,0,22,
101112,Tongaat- Hulett Ltd,Consumer Staples,2015,3,,1,0,0,1,1,1,0,,1,0,0,1,1,1,0,,1,0,0,1,1,1,0,,1,0,0,1,1,1,0,,1,0,0,1,0,1,0,,1,0,0,1,1,1,0,23,
102145,Oceana Group Ltd,Consumer Staples,2015,9,,1,1,1,1,1,1,1,,1,0,1,1,1,1,1,,1,0,1,0,0,0,1,,1,1,1,1,0,1,1,,1,1,1,1,0,1,1,,1,1,1,1,0,1,1,34,
102277,Tiger Brands Ltd,Consumer Staples,2015,9,,1,0,0,1,1,0,1,,1,0,0,1,1,0,1,,1,0,0,1,1,1,1,,1,0,0,1,1,0,1,,1,0,0,1,0,0,1,,1,0,0,1,1,0,1,24,
102543,Pick'N Pay Stores Ltd,Consumer Staples,2015,2,,1,0,0,1,1,1,0,,1,0,0,1,1,1,0,,1,0,0,0,0,1,0,,1,0,0,1,0,0,0,,1,0,0,1,1,0,0,,1,0,0,1,1,0,0,18,
103026,RCL Foods Ltd,Consumer Staples,2015,6,,1,0,0,1,1,1,0,,1,0,0,1,1,1,0,,0,0,0,0,0,0,0,,1,0,0,1,1,1,0,,1,0,0,0,0,0,0,,1,0,0,1,1,1,0,17,
210060,Distell Group Ltd,Consumer Staples,2015,6,,1,0,0,1,1,0,1,,1,0,0,1,1,0,1,,1,0,0,1,1,0,1,,1,0,0,1,1,0,1,,1,0,0,1,0,0,1,,1,0,0,1,1,0,1,23,
211061,Crookes Brothers Ltd,Consumer Staples,2015,3,,1,0,0,1,1,1,0,,1,0,0,1,1,1,0,,0,0,0,0,0,0,0,,1,0,0,1,0,0,0,,1,0,0,0,0,0,0,,1,0,0,0,0,1,0,13,
211166,Shoprite Holdings Ltd (Shp),Consumer Staples,2015,6,,1,0,0,1,1,1,0,,1,0,0,1,1,1,0,,0,0,0,0,0,0,0,,1,0,0,1,1,1,0,,1,0,0,1,0,1,0,,1,0,0,0,0,1,0,17,
211613,Sovereign Food Investments Ltd,Consumer Staples,2015,2,,1,0,0,1,1,1,0,,1,0,0,1,1,1,0,,0,0,0,0,0,0,0,,1,0,0,1,1,1,0,,1,0,0,1,1,1,0,,1,0,0,1,1,1,0,20,
213098,Clicks Group Ltd,Consumer Staples,2015,8,,1,0,0,1,1,0,1,,1,0,0,1,1,0,1,,1,0,0,1,1,1,1,,1,0,0,1,1,0,1,,1,0,0,1,1,0,1,,1,0,0,0,0,0,1,23,
240209,AH-Vest Ltd,Consumer Staples,2015,6,,1,0,0,1,1,1,0,,1,0,0,1,1,1,0,,1,0,0,1,1,1,0,,0,0,0,0,0,0,0,,0,0,0,0,0,0,0,,0,0,0,0,0,0,0,12,
240319,Massmart Holdings Ltd,Consumer Staples,2015,12,,1,0,1,1,1,1,1,,1,1,0,1,1,1,1,,1,1,0,1,0,1,1,,1,1,1,1,1,1,0,,1,1,1,1,1,1,1,,1,0,0,1,1,1,0,34,
246277,Astral Foods Ltd,Consumer Staples,2015,9,,1,1,1,1,1,0,1,,1,0,0,1,1,0,0,,1,1,0,1,1,0,1,,1,1,0,1,0,0,1,,1,1,0,1,1,0,1,,1,0,0,1,1,0,0,26,
271087,Spar Group Ltd,Consumer Staples,2015,9,,1,0,0,1,1,1,0,,1,0,0,1,1,1,0,,1,0,0,0,0,1,0,,1,0,0,1,1,1,0,,1,0,0,1,1,1,0,,1,0,0,1,1,1,0,22,
281796,Nutritional Holdings Ltd,Consumer Staples,2015,2,,1,0,0,1,1,1,0,,1,0,0,1,1,1,0,,0,0,0,0,0,0,0,,1,0,0,0,0,1,0,,1,0,0,0,0,1,0,,1,0,0,0,0,1,0,14,
286093,Imbalie Beauty Ltd,Consumer Staples,2015,2,,1,0,0,1,1,1,0,,1,0,0,1,1,1,0,,1,0,0,1,1,1,0,,1,0,0,0,0,1,0,,1,0,0,1,0,1,0,,1,0,0,0,0,1,0,19,
288698,Pioneer Food Group Ltd,Consumer Staples,2015,9,,1,0,0,1,1,1,0,,1,0,0,1,1,1,0,,0,0,0,0,0,0,0,,1,0,0,1,1,1,0,,1,0,0,1,1,1,0,,1,0,0,1,1,0,0,19,
296273,Clover Holdings Ltd,Consumer Staples,2015,6,,1,1,1,1,1,1,1,,1,1,1,1,1,1,1,,1,1,1,1,1,1,1,,1,1,1,1,1,1,1,,1,1,1,1,1,1,1,,1,1,1,1,1,1,1,42,
318391,Quantum Foods Holdings Ltd,Consumer Staples,2015,9,,1,0,0,1,1,1,0,,1,0,0,1,1,1,0,,0,0,0,0,0,0,0,,1,0,0,1,0,0,0,,1,0,0,0,0,0,0,,1,0,0,1,1,0,0,14,
318455,Rhodes Food Group Holdings Ltd,Consumer Staples,2015,9,,1,0,0,1,1,1,0,,1,0,0,1,1,1,0,,0,0,0,0,0,0,0,,1,0,0,1,0,1,0,,1,0,0,0,0,1,0,,0,0,0,0,0,0,0,13,
101933,Adcock Ingram Holdings Ltd,Health Care,2015,6,,1,0,0,1,1,1,0,,1,0,0,1,1,1,0,,1,0,0,1,1,1,0,,1,0,0,1,0,1,0,,1,0,0,0,0,1,0,,1,0,0,1,1,1,0,21,
202546,Netcare Ltd,Health Care,2015,9,,1,1,1,1,1,0,1,,1,1,1,1,1,0,1,,1,1,1,0,0,0,1,,1,1,1,1,1,0,1,,1,1,1,1,1,0,1,,1,1,1,1,0,0,1,33,
211127,Aspen Pharmacare Holdings Plc,Health Care,2015,6,,1,1,1,1,1,0,1,,1,1,1,1,1,0,1,,1,1,1,1,0,0,1,,1,1,1,1,1,0,1,,1,1,1,1,1,0,1,,1,1,1,1,1,0,1,35,
211148,Life Healthcare Group Holdings (Pty) Ltd,Health Care,2015,9,,1,1,1,1,1,0,1,,1,1,1,1,1,0,1,,1,1,1,0,0,0,1,,1,1,1,1,1,0,1,,1,1,1,1,1,0,1,,1,1,1,1,1,0,1,34,
316676,Ascendis Health (Pty) Ltd,Health Care,2015,6,,1,0,0,1,1,1,0,,1,0,0,1,1,1,0,,0,0,0,0,0,0,0,,1,0,0,0,0,0,0,,1,0,0,1,0,0,0,,0,0,0,0,0,0,0,11,
317512,Advanced Health Ltd,Health Care,2015,6,,1,0,0,1,1,1,0,,1,0,0,1,1,1,0,,1,0,0,0,0,0,0,,1,0,0,0,0,1,0,,0,0,0,0,0,0,0,,0,0,0,0,0,0,0,11,
211202,Afrocentric Investment Corp,Financials,2015,6,,1,0,0,1,1,1,0,,0,0,0,0,0,0,0,,0,0,0,0,0,0,0,,1,0,0,1,1,0,0,,1,0,0,1,1,0,0,,0,0,0,0,0,0,0,10,
240231,Ecsponent Ltd,Financials,2015,12,,1,0,0,1,1,1,0,,1,0,0,1,1,1,0,,1,0,0,1,1,1,0,,0,0,0,0,0,0,0,,0,0,0,0,0,0,0,,0,0,0,0,0,0,0,12,
296962,Rand Merchant Investment Holdings Ltd,Financials,2015,6,,1,0,0,1,1,1,0,,1,0,0,1,1,1,0,,1,0,0,1,1,1,0,,1,0,0,0,0,1,0,,1,0,0,0,0,1,0,,1,0,0,0,0,1,0,18,
318215,Alexander Forbes Group Holdings Ltd,Financials,2015,3,,1,1,1,1,1,0,1,,0,0,0,0,0,0,0,,1,1,0,1,1,0,1,,1,1,1,1,1,0,1,,1,1,1,1,1,0,1,,1,0,0,1,1,1,0,27,
200628,Alviva Holdings Ltd,Information Technology,2015,6,,,,,,,,,,,,,,,,,,,,,,,,,,,,,,,,,,,,,,,,,,,,,,,,,0,cannot find report
205826,Mustek Ltd,Information Technology,2015,6,,1,1,1,1,1,1,1,,1,1,1,1,1,1,1,,1,1,1,1,1,1,1,,1,1,1,1,0,1,1,,1,1,1,1,0,1,1,,1,1,1,1,1,1,1,40,
210057,Datatec Ltd,Information Technology,2015,2,,1,0,0,1,1,1,0,,1,0,0,1,1,1,0,,1,0,0,1,1,1,0,,1,0,0,1,0,1,0,,1,0,0,1,1,1,0,,1,0,0,0,0,1,0,21,
211658,Metrofile Holdings Ltd,Information Technology,2015,6,,1,1,1,1,1,0,1,,1,1,1,1,1,0,1,,1,1,1,0,0,0,1,,1,1,1,0,0,0,1,,1,1,1,0,0,0,1,,1,1,1,0,0,0,1,28,
240244,EOH Holdings Ltd,Information Technology,2015,7,,1,0,0,1,1,1,0,,1,0,0,1,1,1,0,,1,0,0,1,1,1,0,,1,0,0,1,1,1,0,,1,0,0,0,0,1,0,,1,0,0,1,1,1,0,22,
240280,AdaptIT Holdings Ltd,Information Technology,2015,6,,1,0,0,1,1,1,0,,1,0,0,1,1,1,0,,1,0,0,0,0,1,0,,1,0,0,1,0,1,0,,1,0,0,1,0,1,0,,1,0,0,0,0,1,0,18,
240329,Moneyweb Holdings Ltd,Information Technology,2015,6,,1,0,0,1,1,1,0,,1,0,0,1,1,1,0,,0,0,0,0,0,0,0,,1,0,0,0,0,1,0,,1,0,0,0,0,1,0,,0,0,0,0,0,0,0,12,
240358,ISA Holdings Ltd,Information Technology,2015,2,,1,0,0,1,1,1,0,,1,0,0,1,1,1,0,,1,0,0,1,1,1,0,,1,0,0,0,0,1,0,,1,0,0,0,0,1,0,,1,0,0,0,0,1,0,18,
240377,Silverbridge Holdings Ltd,Information Technology,2015,6,,1,0,0,1,1,1,0,,1,0,0,1,1,1,0,,1,0,0,1,1,1,0,,1,0,0,1,1,1,0,,1,0,0,1,0,1,0,,0,0,0,0,0,0,0,19,
287252,MiX Telematics Ltd,Information Technology,2015,3,,1,0,0,1,1,1,0,,0,0,0,0,0,0,0,,0,0,0,0,0,0,0,,1,0,0,1,1,1,0,,1,0,0,1,1,1,0,,1,0,0,1,0,1,0,15,
318806,Cartrack Holdings Ltd,Information Technology,2015,2,,1,1,1,1,1,1,1,,1,1,0,1,1,1,1,,1,1,1,0,0,1,1,,1,1,1,1,0,1,1,,1,1,1,1,0,1,1,,1,1,1,0,0,1,1,35,
152649,Telkom SA SOC Ltd,Telecommunication Services,2015,3,,1,1,1,1,1,1,1,,1,1,1,1,1,1,1,,1,1,1,0,0,1,1,,1,1,1,1,1,1,1,,1,1,1,1,1,1,1,,1,1,1,1,1,1,1,40,
211655,MTN Group Ltd,Telecommunication Services,2015,12,,1,1,1,1,1,1,1,,1,1,1,1,1,1,1,,1,1,1,1,1,1,1,,1,1,1,1,0,1,1,,1,1,1,1,0,1,1,,1,1,1,1,0,1,1,39,
240282,Cognition Holdings Ltd,Telecommunication Services,2015,6,,1,0,0,1,1,1,0,,1,0,0,1,1,1,0,,1,0,0,1,1,1,0,,1,0,0,0,0,1,0,,1,0,0,0,0,1,0,,1,0,0,1,0,1,0,19,
284363,Telemasters Holdings Ltd,Telecommunication Services,2015,6,,1,0,0,1,0,1,0,,0,0,0,0,0,0,0,,0,0,0,0,0,0,0,,0,0,0,0,0,0,0,,0,0,0,0,0,0,0,,0,0,0,0,0,0,0,3,
285691,Huge Group Ltd,Telecommunication Services,2015,2,,1,0,0,1,1,1,0,,1,0,0,1,1,1,0,,1,0,0,1,1,1,0,,1,0,0,0,0,0,0,,1,0,0,0,0,1,0,,1,0,0,0,0,0,0,16,
292072,Vodacom Group Ltd,Telecommunication Services,2015,3,,1,1,1,1,1,1,1,,1,1,1,1,1,1,1,,1,1,1,1,1,1,1,,1,1,1,1,1,1,1,,1,1,1,1,1,1,1,,1,1,1,1,1,1,1,42,
318727,Montauk Holdings Ltd,Utilities,2015,3,,1,0,0,1,1,1,0,,1,0,0,1,1,1,0,,1,0,0,1,1,0,0,,1,0,0,0,0,1,0,,0,0,0,0,0,0,0,,1,0,0,1,0,1,0,16,
211674,Tradehold Ltd,Real Estate,2015,2,,1,0,0,1,1,1,0,,1,0,0,1,1,1,0,,0,0,0,0,0,0,0,,0,0,0,0,0,0,0,,0,0,0,0,0,0,0,,0,0,0,0,0,0,0,8,
288695,Keaton Energy Holdings Ltd,Energy,2015,3,,1,1,1,1,1,1,1,,1,1,1,1,1,1,1,,1,1,1,1,1,1,1,,1,1,1,1,1,1,1,,1,1,1,1,1,1,1,,1,1,1,1,1,1,1,42,
205038,Masonite Africa Ltd,Materials,2015,12,,1,0,0,1,1,1,0,,1,0,0,1,1,1,0,,1,0,0,1,1,1,0,,1,0,0,0,0,1,0,,1,0,0,0,0,1,0,,1,0,0,1,0,1,0,19,
210095,Omnia Holdings Ltd,Materials,2015,3,,1,1,1,1,1,1,1,,1,1,1,1,1,1,1,,1,1,1,1,1,1,1,,1,1,0,1,0,1,1,,1,0,1,0,0,1,1,,1,1,1,1,1,1,1,37,
240227,Astrapak Ltd,Materials,2015,2,,1,1,1,1,1,1,1,,1,1,1,1,1,1,1,,1,1,1,0,0,1,1,,1,1,1,1,1,1,1,,1,1,1,0,0,1,1,,1,1,1,1,1,1,1,38,
285256,WG Wearne Ltd,Materials,2015,2,,1,0,0,1,1,1,0,,1,0,0,1,1,1,0,,0,0,0,0,0,0,0,,1,0,0,1,1,1,0,,1,0,0,0,0,1,0,,1,0,0,0,0,1,0,16,
286960,BSI Steel Ltd,Materials,2015,3,,1,0,0,1,1,1,0,,1,0,0,1,1,1,0,,1,0,0,1,1,1,0,,1,0,0,0,0,1,0,,1,0,0,0,0,1,0,,1,0,0,0,0,1,0,18,
209964,Distribution And Warehousing Network Ltd,Industrials,2015,3,,1,1,1,1,1,0,1,,1,1,1,1,1,0,1,,1,1,1,1,1,0,1,,1,1,1,1,1,0,1,,1,1,1,0,0,0,1,,1,1,1,1,1,0,1,34,
240342,Onelogix Group Ltd,Industrials,2015,5,,1,0,0,1,1,1,0,,1,0,0,1,1,1,0,,1,0,0,1,1,1,0,,1,0,0,1,0,1,0,,1,0,0,1,0,1,0,,1,0,0,0,0,1,0,20,
240351,Primeserv Group Ltd,Industrials,2015,3,,1,1,1,1,1,0,1,,1,1,0,1,1,0,1,,1,1,0,0,0,0,1,,1,1,1,0,0,0,1,,1,1,0,0,0,0,1,,1,1,1,0,0,0,1,25,
240384,Amalgamated Electronic Corp,Industrials,2015,3,,1,0,0,1,1,1,0,,1,0,0,1,1,1,0,,1,0,0,1,1,1,0,,1,0,0,0,0,1,0,,1,0,0,0,0,1,0,,1,0,0,0,0,1,0,18,
240396,Value Group Ltd,Industrials,2015,2,,1,0,0,1,1,1,0,,1,0,0,1,1,1,0,,1,0,0,1,1,1,0,,1,0,0,1,1,1,0,,1,0,0,1,1,1,0,,1,0,0,1,1,1,0,24,
282867,Rare Holdings Ltd,Industrials,2015,6,,1,0,0,1,1,1,0,,1,0,0,1,1,1,0,,1,0,0,1,1,1,0,,1,0,0,0,0,1,0,,1,0,0,1,0,1,0,,0,0,0,0,0,0,0,17,
287271,Blue Label Telecoms Ltd,Industrials,2015,5,,1,0,0,1,1,1,0,,1,0,0,1,1,1,0,,1,0,0,1,1,1,0,,1,0,0,1,1,1,0,,1,0,0,1,1,1,0,,1,0,0,0,0,0,0,21,
294998,Wescoal Holdings Ltd,Industrials,2015,3,,1,0,0,1,1,1,0,,1,0,0,1,1,1,0,,1,0,0,0,0,1,0,,1,0,0,0,0,1,0,,1,0,0,0,0,1,0,,1,0,0,1,0,1,0,17,
240225,Digicore Holdings Ltd,Consumer Discretionary,2015,6,,1,0,0,1,1,1,0,,1,0,0,1,1,1,0,,0,0,0,0,0,0,0,,1,0,0,0,0,0,0,,1,0,0,0,0,1,0,,1,0,0,0,0,0,0,12,
313499,Gooderson Leisure Corporation Ltd,Consumer Discretionary,2015,2,,1,0,0,1,1,1,0,,1,0,0,1,1,1,0,,0,0,0,0,0,0,0,,0,0,0,0,0,0,0,,0,0,0,0,0,0,0,,0,0,0,0,0,0,0,8,
208127,Illovo Sugar Ltd,Consumer Staples,2015,3,,,,,,,,,,,,,,,,,,,,,,,,,,,,,,,,,,,,,,,,,,,,,,,,,0,
251060,Beige Holdings Ltd,Consumer Staples,2015,6,,1,0,0,1,1,1,0,,1,0,0,1,1,1,0,,0,0,0,0,0,0,0,,1,0,0,1,1,1,0,,1,0,0,0,0,1,0,,1,0,0,1,1,1,0,18,
102448,PBT Group Limited,Information Technology,2015,3,,1,0,0,1,1,1,0,,1,0,0,1,1,1,0,,0,0,0,0,0,0,0,,1,0,0,0,0,1,0,,1,0,0,0,0,1,0,,1,0,0,0,0,1,0,14,
240218,Datacentrix Holdings Ltd,Information Technology,2015,2,,1,0,0,1,1,1,0,,1,0,0,1,1,1,0,,1,0,0,1,1,1,0,,1,0,0,1,0,1,0,,1,0,0,1,0,1,0,,1,0,0,0,0,1,0,20,
286004,Ellies Holdings Ltd,Information Technology,2015,4,,1,0,0,1,1,1,0,,1,0,0,1,1,1,0,,0,0,0,0,0,0,0,,1,0,0,0,0,1,0,,1,0,0,1,0,1,0,,1,0,0,0,0,1,0,15,
286113,RBA Holdings Ltd,Real Estate,2015,12,,,,,,,,,,,,,,,,,,,,,,,,,,,,,,,,,,,,,,,,,,,,,,,,,0,
212636,Pick'N Pay Holdings Ltd,Consumer Staples,2015,2,,1,0,0,1,1,1,0,,1,0,0,1,1,1,0,,0,0,0,0,0,0,0,,1,0,0,1,1,1,0,,1,0,0,1,1,1,0,,1,0,0,1,1,1,0,20,
313404,Capevin Holdings Ltd,Consumer Staples,2015,6,,1,0,0,1,1,1,0,,0,0,0,0,0,0,0,,0,0,0,0,0,0,0,,1,0,0,0,0,1,0,,1,0,0,0,0,1,0,,0,0,0,0,0,0,0,8,
15618,Nedbank Group Ltd,Financials,2015,12,,1,1,1,1,1,1,1,,1,1,0,1,0,1,1,,1,1,0,0,0,1,1,,1,1,1,1,1,1,1,,1,1,1,1,1,1,1,,1,1,0,1,1,1,1,36,
15781,Standard Bank Group Ltd,Financials,2015,12,,1,0,0,1,1,1,0,,1,0,0,1,1,1,0,,0,0,0,0,0,0,0,,1,0,0,1,1,1,0,,1,0,0,1,1,1,0,,1,0,0,1,0,0,0,18,
16305,Barclays Africa Group Ltd,Financials,2015,12,,1,0,0,1,1,1,0,,1,0,0,0,0,1,0,,1,0,0,0,0,1,0,,1,0,0,1,1,1,0,,1,0,0,1,1,1,0,,1,0,0,1,1,1,0,20,
24946,MMI Holdings Ltd,Financials,2015,6,,1,0,0,1,1,1,0,,1,0,0,1,1,1,0,,1,0,0,1,1,1,0,,1,0,0,1,1,1,0,,1,0,0,1,0,1,0,,1,0,0,1,0,1,0,22,
25052,Liberty Holdings Ltd,Financials,2015,12,,1,0,0,1,1,1,0,,0,0,0,0,0,0,0,,0,0,0,0,0,0,0,,1,0,0,1,1,1,0,,1,0,0,1,0,1,0,,1,0,0,1,1,1,0,15,
200019,Firstrand Ltd,Financials,2015,6,,1,0,0,1,1,1,0,,1,0,0,1,1,1,0,,1,0,0,1,1,1,0,,1,0,0,1,1,1,0,,1,0,0,1,1,1,0,,1,0,0,1,1,1,0,24,
200138,"PSG Group Ltd, South Africa",Financials,2015,2,,,,,,,,,,,,,,,,,,,,,,,,,,,,,,,,,,,,,,,,,,,,,,,,,0,
200233,Sasfin Holdings Ltd,Financials,2015,6,,1,1,1,1,1,0,1,,1,1,0,1,1,0,1,,1,1,1,1,0,0,1,,1,1,1,1,1,0,1,,1,1,1,1,1,0,1,,1,1,1,1,1,0,1,34,
209985,Investec Ltd,Financials,2015,3,,1,0,0,1,1,1,0,,1,0,0,1,1,1,0,,0,0,0,0,0,0,0,,1,0,0,1,1,1,0,,1,0,0,1,1,1,0,,1,0,0,1,1,1,0,20,
211610,Santam Ltd,Financials,2015,12,,1,1,1,1,1,0,1,,1,1,1,1,1,0,1,,1,1,1,0,0,0,1,,1,1,1,1,1,0,1,,1,1,1,0,0,0,1,,1,1,1,0,0,0,1,30,
225136,Sanlam Ltd,Financials,2015,12,,1,1,0,1,1,0,1,,1,1,0,1,1,0,1,,1,1,0,0,0,0,1,,1,1,0,1,1,0,1,,1,1,0,1,1,0,1,,1,1,0,1,1,0,1,28,
238524,Peregrine Holdings Ltd,Financials,2015,3,,1,0,0,1,1,1,0,,1,0,0,1,1,1,0,,1,0,0,1,0,0,0,,1,0,0,1,0,1,0,,1,0,0,1,0,1,0,,1,0,0,0,1,0,0,18,
240200,African Dawn Capital Ltd,Financials,2015,2,,1,0,0,1,1,1,0,,1,0,0,1,1,1,0,,1,0,0,1,1,1,0,,1,0,0,0,0,1,0,,0,0,0,0,0,0,0,,0,0,0,0,0,0,0,14,
240224,Purple Group Ltd,Financials,2015,8,,1,0,0,1,1,1,0,,1,0,0,1,1,1,0,,1,0,0,1,1,1,0,,1,0,0,0,0,1,0,,1,0,0,0,0,1,0,,0,0,0,0,0,0,0,16,
240228,Discovery Ltd,Financials,2015,6,,1,0,0,1,1,1,0,,1,0,0,1,1,1,0,,0,0,0,0,0,0,0,,1,0,0,0,0,0,0,,1,0,0,0,0,0,0,,0,0,0,0,0,0,0,10,
240238,Brimstone Investment Corp Ltd,Financials,2015,12,,1,1,1,1,1,0,1,,1,0,0,1,1,0,0,,1,1,0,1,1,0,1,,1,1,1,1,0,0,1,,1,1,1,1,0,0,1,,1,0,0,1,0,0,0,26,
240279,Indequity Group Ltd,Financials,2015,9,,1,0,0,1,1,1,0,,1,0,0,1,1,1,0,,1,0,0,1,1,1,0,,1,0,0,0,0,1,0,,1,0,0,0,0,1,0,,1,0,0,0,0,1,0,18,
240317,Micromega Holdings Ltd,Financials,2015,3,,1,0,0,1,1,1,0,,1,0,0,1,1,1,0,,0,0,0,0,0,0,0,,0,0,0,0,0,0,0,,0,0,0,0,0,0,0,,0,0,0,0,0,0,0,8,
240362,African Equity Empowerment Investments Ltd (AEEI),Financials,2015,8,,1,0,0,1,1,0,0,,1,0,0,1,1,0,0,,1,0,0,1,1,0,0,,1,0,0,1,1,0,0,,1,0,0,1,1,0,0,,1,0,0,1,1,0,0,18,
240519,Remgro Ltd,Financials,2015,6,,1,0,0,1,1,1,0,,1,0,0,1,1,1,0,,0,0,0,0,0,0,0,,1,0,0,1,1,1,0,,1,0,0,1,1,1,0,,1,0,0,0,0,1,0,18,
249900,Stratcorp Ltd,Financials,2015,2,,,,,,,,,,,,,,,,,,,,,,,,,,,,,,,,,,,,,,,,,,,,,,,,,0,
257383,Coronation Fund Managers Ltd,Financials,2015,9,,1,0,0,1,1,1,0,,1,0,0,1,1,1,0,,1,0,0,0,0,1,0,,1,0,0,1,1,1,0,,1,0,0,1,1,1,0,,1,0,0,0,0,1,0,20,
258732,Nedbank Ltd,Financials,2015,12,,,,,,,,,,,,,,,,,,,,,,,,,,,,,,,,,,,,,,,,,,,,,,,,,0,
278391,JSE Ltd,Financials,2015,12,,1,0,0,1,1,1,0,,1,0,0,1,1,1,0,,1,0,0,1,1,1,0,,1,0,0,1,1,0,0,,1,0,0,1,1,0,0,,0,0,0,0,0,0,0,18,
281736,Zeder Investments Ltd,Financials,2015,2,,1,0,0,1,1,1,0,,1,0,0,1,1,1,0,,0,0,0,0,0,0,0,,0,0,0,0,0,0,0,,0,0,0,0,0,0,0,,0,0,0,0,0,0,0,8,
285029,Finbond Group Ltd,Financials,2015,2,,1,0,0,1,1,1,0,,1,0,0,1,1,1,0,,1,0,0,1,1,1,0,,1,0,0,1,0,1,0,,1,0,0,1,0,1,0,,1,0,0,1,0,1,0,21,
287447,Vunani Ltd,Financials,2015,12,,,,,,,,,,,,,,,,,,,,,,,,,,,,,,,,,,,,,,,,,,,,,,,,,0,
288883,Clientele Ltd,Financials,2015,6,,1,0,0,1,1,1,0,,1,0,0,1,1,1,0,,1,0,0,1,1,1,0,,1,0,0,1,0,1,0,,1,0,0,1,0,1,0,,0,0,0,0,0,0,0,18,
291962,Efficient Group Ltd,Financials,2015,8,,1,0,0,1,1,1,0,,1,0,0,1,1,1,0,,1,0,0,1,1,1,0,,1,0,0,0,0,1,0,,1,0,0,0,0,1,0,,1,0,0,1,1,1,0,20,
312884,Transaction Capital Ltd,Financials,2015,9,,1,0,0,1,1,1,0,,1,0,0,1,1,1,0,,0,0,0,0,0,0,0,,1,0,0,1,0,1,0,,1,0,0,0,0,1,0,,0,0,0,0,0,0,0,13,
313603,Niveus Investments Ltd,Financials,2015,3,,1,0,0,1,1,1,0,,1,0,0,1,1,1,0,,0,0,0,0,0,0,0,,1,0,0,1,1,1,0,,1,0,0,1,0,1,0,,1,0,0,1,1,1,0,19,
317814,PSG Konsult Ltd,Financials,2015,2,,1,1,0,1,1,1,1,,1,1,0,1,1,1,1,,1,1,0,1,1,1,1,,1,1,0,1,0,1,1,,1,1,0,1,1,1,1,,1,1,0,0,0,1,1,33,
318385,Anchor Group Ltd,Financials,2015,12,,1,0,0,1,1,1,0,,1,0,0,1,1,1,0,,1,0,0,1,1,1,0,,0,0,0,0,0,0,0,,0,0,0,0,0,0,0,,0,0,0,0,0,0,0,12,
221274,Hosken Consolidated Investments,Industrials,2015,3,,1,0,0,1,1,1,0,,1,0,0,1,1,1,0,,0,0,0,0,0,0,0,,0,0,0,0,0,0,0,,1,0,0,1,0,1,0,,1,0,0,1,1,1,0,15,
284907,Ansys Ltd,Industrials,2015,2,,1,0,0,1,1,1,0,,1,0,0,1,1,1,0,,1,0,0,1,1,1,0,,1,0,0,1,1,0,0,,1,0,0,0,0,0,0,,1,0,0,0,0,0,0,17,
314654,Torre Industries Ltd,Industrials,2015,6,,1,0,0,1,1,1,0,,1,0,0,1,1,1,0,,1,0,0,1,1,1,0,,1,0,0,1,0,0,0,,1,0,0,1,0,1,0,,1,0,0,1,0,1,0,20,
240398,Stellar Capital Partners Ltd,Information Technology,2015,11,,1,0,0,1,1,1,0,,1,0,0,1,1,1,0,,0,0,0,0,0,0,0,,0,0,0,0,0,0,0,,1,0,0,0,0,1,0,,0,0,0,0,0,0,0,10,
207132,Andulela Investment Holdings Ltd,Materials,2015,12,,1,0,0,1,1,1,0,,1,0,0,1,1,1,0,,1,0,0,1,1,1,0,,1,0,0,0,0,1,0,,1,0,0,0,0,1,0,,0,0,0,0,0,0,0,16,
221777,Randgold & Exploration Company Ltd,Materials,2015,12,,1,0,0,1,1,1,0,,1,0,0,1,1,1,0,,1,0,0,1,1,1,0,,0,0,0,0,0,0,0,,0,0,0,0,0,0,0,,1,0,0,0,0,1,0,14,
273817,Chrometco Ltd,Materials,2015,2,,1,0,0,1,1,1,0,,0,0,0,0,0,0,0,,0,0,0,0,0,0,0,,0,0,0,0,0,0,0,,1,0,0,0,0,0,0,,1,0,0,0,0,0,0,6,
318799,Pivotal Fund Ltd (The),Others,2015,2,,acquried by redifined,,,,,,,,,,,,,,,,,,,,,,,,,,,,,,,,,,,,,,,,,,,,,,,0,
16183,Growthpoint Properties Ltd,Real Estate,2015,6,,1,1,1,1,1,1,0,,1,0,0,1,0,1,0,,1,0,0,0,0,1,0,,1,1,1,1,0,1,0,,1,0,0,1,1,1,0,,1,0,0,1,0,1,0,23,
207125,SA Corporate Real Estate Fund,Real Estate,2015,12,,1,0,0,1,1,1,0,,1,0,0,1,1,1,0,,1,0,0,0,0,1,0,,1,0,0,0,0,1,0,,1,0,0,1,1,1,0,,1,0,0,1,1,1,0,20,
240354,Adrenna Property Group Ltd,Real Estate,2015,2,,1,0,0,1,1,1,0,,0,0,0,0,0,0,0,,0,0,0,0,0,0,0,,1,0,0,0,0,1,0,,1,0,0,0,0,1,0,,0,0,0,0,0,0,0,8,
264030,Redefine Properties Ltd,Real Estate,2015,8,,1,1,1,1,1,0,1,,1,1,1,1,1,0,1,,1,1,1,1,1,0,1,,1,1,1,1,1,0,1,,1,1,1,1,1,0,1,,1,1,1,1,1,0,1,36,
278271,Hospitality Property Fund Ltd,Real Estate,2015,6,,1,0,0,1,1,1,0,,1,0,0,0,0,0,0,,1,0,0,0,0,0,0,,1,0,0,1,0,0,0,,1,0,0,0,0,0,0,,1,0,0,1,1,1,0,13,
287301,Calgro M3 Holdings Limited,Real Estate,2015,2,,1,1,1,1,1,0,1,,1,1,1,1,1,0,1,,1,1,1,1,1,0,1,,1,1,1,1,0,0,1,,1,1,1,1,0,0,1,,1,1,1,1,0,0,1,33,
310887,Arrowhead Properties Ltd,Real Estate,2015,9,,1,0,0,1,1,1,0,,1,0,0,1,1,1,0,,0,0,0,0,0,0,0,,0,0,0,0,0,0,0,,1,0,0,1,0,1,0,,1,0,0,0,0,1,0,13,
311541,Rebosis Property Fund Ltd,Real Estate,2015,8,,1,0,0,1,1,1,0,,1,0,0,1,1,1,0,,1,0,0,1,1,1,0,,1,0,0,1,0,1,0,,1,0,0,1,0,1,0,,1,0,0,1,0,1,0,21,
312061,Texton Property Fund Ltd,Real Estate,2015,6,,1,0,0,1,1,1,0,,1,0,0,1,1,1,0,,0,0,0,0,0,0,0,,1,0,0,0,0,1,0,,1,0,0,0,0,1,0,,0,0,0,0,0,0,0,12,
313318,Dipula Income Fund Ltd,Real Estate,2015,8,,1,1,1,1,1,1,1,,1,1,1,0,0,1,1,,1,1,1,0,0,1,1,,1,1,1,1,1,1,1,,1,1,1,0,0,1,1,,1,1,1,0,0,1,1,34,
316279,ATTACQ Ltd,Real Estate,2015,6,,1,1,1,1,1,0,1,,1,1,0,1,1,0,1,,1,1,0,0,0,0,1,,1,1,1,1,1,0,1,,1,1,0,1,1,0,1,,1,1,1,1,0,0,1,30,
317423,Safari Investments RSA Ltd,Real Estate,2015,3,,1,0,0,1,1,1,0,,0,0,0,0,0,0,0,,1,0,0,1,1,1,0,,1,0,0,0,0,1,0,,1,0,0,0,0,1,0,,1,0,0,0,0,1,0,14,
319788,Nvest Financial Holdings Ltd,Financials,2015,2,,,,,,,,,,,,,,,,,,,,,,,,,,,,,,,,,,,,,,,,,,,,,,,,,0,
320733,Stor-Age Property REIT Ltd,Real Estate,2015,3,,,,,,,,,,,,,,,,,,,,,,,,,,,,,,,,,,,,,,,,,,,,,,,,,0,
206059,Naspers Ltd,Consumer Discretionary,2015,3,,1,0,0,1,1,1,0,,1,0,0,1,1,1,0,,1,0,0,1,1,1,0,,1,0,0,1,0,1,0,,1,0,0,1,0,1,0,,1,0,0,1,1,1,0,22,
210625,Middle East Diamond Resources Ltd,Materials,2015,2,,,,,,,,,,,,,,,,,,,,,,,,,,,,,,,,,,,,,,,,,,,,,,,,,0,
212533,South African Coal Mining Holdings Ltd,Energy,2015,12,,1,0,0,1,1,1,0,,1,0,0,1,1,1,0,,0,0,0,0,0,0,0,,1,0,0,0,0,1,0,,1,0,0,0,0,1,0,,1,0,0,0,0,1,0,14,
,,,,,,,,,,,,,,,,,,,,,,,,,,,,,,,,,,,,,,,,,,,,,,,,,,,,,0,
,,,,,,,,,,,,,,,,,,,,,,,,,,,,,,,,,,,,,,,,,,,,,,,,,,,,,,
,,,,,,,,,,,,,,,,,,,,,,,,,,,,,,,,,,,,,,,,,,,,,,,,,,,,,,
,,,,,,,,,,,,,,,,,,,,,,,,,,,,,,,,,,,,,,,,,,,,,,,,,,,,,,
,,,,,,,,,,,,,,,,,,,,,,,,,,,,,,,,,,,,,,,,,,,,,,,,,,,,,,
,,,,,,,,,,,,,,,,,,,,,,,,,,,,,,,,,,,,,,,,,,,,,,,,,,,,,,
,,,,,,,,,,,,,,,,,,,,,,,,,,,,,,,,,,,,,,,,,,,,,,,,,,,,,,
,,,,,,,,,,,,,,,,,,,,,,,,,,,,,,,,,,,,,,,,,,,,,,,,,,,,,,